country,current_cases_per_100k,lowest_burden_strategy,lowest_burden_strategy_label,lowest_burden_reduction,lowest_burden_cases_per_100k,cases_averted_per_100k_with_lowest_burden_option,runner_up_strategy,runner_up_strategy_label,runner_up_reduction,runner_up_cases_per_100k,runner_up_excess_reduction,runner_up_excess_percentage_points,runner_up_excess_cases_per_100k,uncertainty_interval_type,uncertainty_interval_basis
Australia,1082.0060289049727,timeliness_only,Routine schedule timeliness,0.14540345344780214,929.4317832502816,152.57424565469114,maternal_immunization,Infant-exposure package,0.02313761156131966,1056.970993715142,0.12226584188648248,12.226584188648248,127.53921046486039,none; conditional scenario point estimate,deterministic within-profile contrast
Brazil,465.8001911368474,timeliness_only,Routine schedule timeliness,0.22501978523026356,361.34105541568994,104.45913572115745,maternal_immunization,Infant-exposure package,0.12168978161088262,409.11706758774847,0.10333000361938094,10.333000361938094,47.77601217205853,none; conditional scenario point estimate,deterministic within-profile contrast
China,893.1076641497875,timeliness_only,Routine schedule timeliness,0.07071577888227709,830.6678083221036,62.439855827683914,maternal_immunization,Infant-exposure package,0.02679039886461709,869.1809532448335,0.04392538001766,4.392538001766,38.51314492272991,none; conditional scenario point estimate,deterministic within-profile contrast
Japan,1047.806660663328,timeliness_only,Routine schedule timeliness,0.07154103424970493,972.8402637155392,74.9663969477889,pregnancy_tdap_scaleup,Pregnancy Tdap scale-up,0.0297088833261756,1016.6774948790144,0.04183215092352933,4.183215092352933,43.83723116347517,none; conditional scenario point estimate,deterministic within-profile contrast
New_Zealand,1063.5554284293491,timeliness_only,Routine schedule timeliness,0.17158234423782082,881.2137863322911,182.34164209705807,maternal_immunization,Infant-exposure package,0.0284873296534508,1033.257574277346,0.14309501458437002,14.309501458437001,152.043787945055,none; conditional scenario point estimate,deterministic within-profile contrast
Sweden,175.05911292217542,maternal_immunization,Infant-exposure package,0.1023267529989268,157.1458823303691,17.913230591806325,cocooning_adjunct,Close-contact adult adjuncts,0.0928034205241106,158.8130284603577,0.009523332474816196,0.9523332474816195,1.6671461299886232,none; conditional scenario point estimate,deterministic within-profile contrast
Thailand,500.45337136408864,timeliness_only,Routine schedule timeliness,0.2648215904760386,368.01580256057406,132.43756880351458,maternal_immunization,Infant-exposure package,0.17845096696677298,411.1469833639898,0.08637062350926561,8.637062350926561,43.13118080341576,none; conditional scenario point estimate,deterministic within-profile contrast
United_Kingdom,862.5317408957053,timeliness_only,Routine schedule timeliness,0.1733916985563475,712.9139313523726,149.61780954333267,targeted_pep_high_risk,Targeted high-risk PEP,0.02552135172499592,840.5187650603236,0.14787034683135158,14.787034683135158,127.604833707951,none; conditional scenario point estimate,deterministic within-profile contrast
United_States,714.0535563826013,timeliness_only,Routine schedule timeliness,0.14666964821875306,609.3703830698836,104.68317331271771,maternal_immunization,Infant-exposure package,0.04426660983516373,682.4448262813912,0.10240303838358933,10.240303838358933,73.07444321150763,none; conditional scenario point estimate,deterministic within-profile contrast
