country,lowest_burden_strategy,lowest_burden_strategy_label,runner_up_strategy,runner_up_strategy_label,lowest_burden_cases_per_100k,runner_up_cases_per_100k,runner_up_excess_cases_per_100k,runner_up_excess_reduction,runner_up_excess_percentage_points,uncertainty_interval_type,uncertainty_interval_basis
Australia,timeliness_only,Routine schedule timeliness,maternal_immunization,Infant-exposure package,929.4317832502816,1056.970993715142,127.53921046486039,0.12226584188648248,12.226584188648248,none; conditional scenario point estimate,deterministic within-profile contrast
Brazil,timeliness_only,Routine schedule timeliness,maternal_immunization,Infant-exposure package,361.34105541568994,409.11706758774847,47.77601217205853,0.10333000361938094,10.333000361938094,none; conditional scenario point estimate,deterministic within-profile contrast
China,timeliness_only,Routine schedule timeliness,maternal_immunization,Infant-exposure package,830.6678083221036,869.1809532448335,38.51314492272991,0.04392538001766,4.392538001766,none; conditional scenario point estimate,deterministic within-profile contrast
Japan,timeliness_only,Routine schedule timeliness,pregnancy_tdap_scaleup,Pregnancy Tdap scale-up,972.8402637155392,1016.6774948790144,43.83723116347517,0.04183215092352933,4.183215092352933,none; conditional scenario point estimate,deterministic within-profile contrast
New_Zealand,timeliness_only,Routine schedule timeliness,maternal_immunization,Infant-exposure package,881.2137863322911,1033.257574277346,152.043787945055,0.14309501458437002,14.309501458437001,none; conditional scenario point estimate,deterministic within-profile contrast
Sweden,maternal_immunization,Infant-exposure package,cocooning_adjunct,Close-contact adult adjuncts,157.1458823303691,158.8130284603577,1.6671461299886232,0.009523332474816196,0.9523332474816195,none; conditional scenario point estimate,deterministic within-profile contrast
Thailand,timeliness_only,Routine schedule timeliness,maternal_immunization,Infant-exposure package,368.01580256057406,411.1469833639898,43.13118080341576,0.08637062350926561,8.637062350926561,none; conditional scenario point estimate,deterministic within-profile contrast
United_Kingdom,timeliness_only,Routine schedule timeliness,targeted_pep_high_risk,Targeted high-risk PEP,712.9139313523726,840.5187650603236,127.604833707951,0.14787034683135158,14.787034683135158,none; conditional scenario point estimate,deterministic within-profile contrast
United_States,timeliness_only,Routine schedule timeliness,maternal_immunization,Infant-exposure package,609.3703830698836,682.4448262813912,73.07444321150763,0.10240303838358933,10.240303838358933,none; conditional scenario point estimate,deterministic within-profile contrast
