comparator,resistance_prevalence,median_minimum_VE_inf,countries_reaching_comparator,countries_evaluated,threshold_basis
infant_exposure_reduction_strategy,0.0,0.0,10,10,VE_inf-only grid; VE_sus and VE_dur held at the grid baseline.
resistance_guided_treatment,0.0,0.125,10,10,VE_inf-only grid; VE_sus and VE_dur held at the grid baseline.
infant_exposure_reduction_strategy,0.5,0.5,7,10,VE_inf-only grid; VE_sus and VE_dur held at the grid baseline.
resistance_guided_treatment,0.5,0.525,2,10,VE_inf-only grid; VE_sus and VE_dur held at the grid baseline.
infant_exposure_reduction_strategy,1.0,0.5,7,10,VE_inf-only grid; VE_sus and VE_dur held at the grid baseline.
resistance_guided_treatment,1.0,0.575,2,10,VE_inf-only grid; VE_sus and VE_dur held at the grid baseline.
25% reduction vs VE_inf_0.20,0.5,0.45,6,10,Median across evaluated profiles on the VE_inf-only grid at 50% starting resistance prevalence.
50% reduction vs VE_inf_0.20,0.5,,0,10,Median across evaluated profiles on the VE_inf-only grid at 50% starting resistance prevalence.
75% reduction vs VE_inf_0.20,0.5,,0,10,Median across evaluated profiles on the VE_inf-only grid at 50% starting resistance prevalence.
