country,strategy,scenario_key,scenario_label,outcome,reduction_median,reduction_q025,reduction_q25,reduction_q75,reduction_q975,current_rate_median,current_rate_q025,current_rate_q975,intervention_rate_median,intervention_rate_q025,intervention_rate_q975,bootstrap_replicates,uncertainty_draws,interval_type,interval_basis,confidence_interval_method,reduction_q025_mcse,reduction_q975_mcse,tail_probability_mcse,reduction_point_estimate,bootstrap_bias
Australia,adolescent_booster,adolescent_booster,Adolescent booster,child_adolescent_cases,-1.9073564444527236e-06,-0.0003512673885145812,-1.0155253527766028e-05,-5.736770032904737e-07,0.1629102940657366,1533.374026025238,30.193147076281573,1942.303073777521,1533.3775112783233,24.718845028910316,1942.30359971039,1024,1024,95% parametric-bootstrap confidence interval,"Paired marginal parametric bootstrap. Annual latent transmission paths are regenerated from the prespecified AR(1) process, surveillance counts are regenerated from the fitted NB2 observation model, and the country state-space model is fully refitted before the same fitted replicate is propagated through current practice and intervention. Biological and intervention-definition inputs remain fixed at prespecified reference values.",percentile_parametric_bootstrap,2.8304354305081363e-05,0.03650517349591344,0.004878904686248749,-8.08262397189452e-06,6.175267527441797e-06
Australia,cocooning_adjunct,cocooning_adjunct,Close-contact adjunct,child_adolescent_cases,0.003811821839832863,0.0010599190854753613,0.0035850685678427974,0.004394948792636244,0.7355322978322205,1533.374026025238,30.193147076281573,1942.303073777521,1527.1860509897,7.76041643700285,1934.9736750167526,1024,1024,95% parametric-bootstrap confidence interval,"Paired marginal parametric bootstrap. Annual latent transmission paths are regenerated from the prespecified AR(1) process, surveillance counts are regenerated from the fitted NB2 observation model, and the country state-space model is fully refitted before the same fitted replicate is propagated through current practice and intervention. Biological and intervention-definition inputs remain fixed at prespecified reference values.",percentile_parametric_bootstrap,0.0010929274397019327,0.10052709441041861,0.004878904686248749,0.0039742596484398,-0.00016243780860693714
Australia,maternal_immunization,maternal_immunization,Infant exposure,child_adolescent_cases,0.03316010125856672,0.01167035443273258,0.02769652256413327,0.039755086864538214,0.74709005402212,1533.374026025238,30.193147076281573,1942.303073777521,1485.3345125433773,7.439269995222936,1859.8373795595658,1024,1024,95% parametric-bootstrap confidence interval,"Paired marginal parametric bootstrap. Annual latent transmission paths are regenerated from the prespecified AR(1) process, surveillance counts are regenerated from the fitted NB2 observation model, and the country state-space model is fully refitted before the same fitted replicate is propagated through current practice and intervention. Biological and intervention-definition inputs remain fixed at prespecified reference values.",percentile_parametric_bootstrap,0.0017555205006274121,0.09848501638314895,0.004878904686248749,0.0231264905677233,0.010033610690843422
Australia,pregnancy_tdap_scaleup,pregnancy_tdap_scaleup,Pregnancy Tdap,child_adolescent_cases,0.027003365245162225,0.009728940602591992,0.01900304005225295,0.032434922133782074,0.047675441738638136,1533.374026025238,30.193147076281573,1942.303073777521,1490.49827312924,29.127741506192358,1865.8237799644894,1024,1024,95% parametric-bootstrap confidence interval,"Paired marginal parametric bootstrap. Annual latent transmission paths are regenerated from the prespecified AR(1) process, surveillance counts are regenerated from the fitted NB2 observation model, and the country state-space model is fully refitted before the same fitted replicate is propagated through current practice and intervention. Biological and intervention-definition inputs remain fixed at prespecified reference values.",percentile_parametric_bootstrap,0.00039328461208629006,0.0013855217044117178,0.004878904686248749,0.0197214797103375,0.0072818855348247245
Australia,targeted_pep_high_risk,targeted_pep_high_risk,Targeted PEP,child_adolescent_cases,0.007763997403199385,7.530907679994956e-05,0.0067076030961572,0.011722362374724543,0.2728768495293974,1533.374026025238,30.193147076281573,1942.303073777521,1521.2878719956661,21.766051167858933,1928.015243559782,1024,1024,95% parametric-bootstrap confidence interval,"Paired marginal parametric bootstrap. Annual latent transmission paths are regenerated from the prespecified AR(1) process, surveillance counts are regenerated from the fitted NB2 observation model, and the country state-space model is fully refitted before the same fitted replicate is propagated through current practice and intervention. Biological and intervention-definition inputs remain fixed at prespecified reference values.",percentile_parametric_bootstrap,0.0016873516204963315,0.019037752839939488,0.004878904686248749,0.0096236969343617,-0.001859699531162315
Australia,timeliness_only,timeliness_only,Routine timeliness,child_adolescent_cases,0.16099775134522354,0.10441847853394053,0.14985967252702803,0.17110554375906034,0.8674022076652662,1533.374026025238,30.193147076281573,1942.303073777521,1305.0563973709768,4.1000450429170865,1617.5099942580725,1024,1024,95% parametric-bootstrap confidence interval,"Paired marginal parametric bootstrap. Annual latent transmission paths are regenerated from the prespecified AR(1) process, surveillance counts are regenerated from the fitted NB2 observation model, and the country state-space model is fully refitted before the same fitted replicate is propagated through current practice and intervention. Biological and intervention-definition inputs remain fixed at prespecified reference values.",percentile_parametric_bootstrap,0.0015534633010317528,0.06033485937976125,0.004878904686248749,0.1459315954303387,0.015066155914884832
Brazil,adolescent_booster,adolescent_booster,Adolescent booster,child_adolescent_cases,1.0507472935628037e-06,-0.00017832240661109776,-3.7426952089747445e-06,0.137056746051807,0.6716993194847587,1164.2200146906212,0.374290688165511,1858.5230547876072,1164.2840410133726,0.3338876475625943,1858.5245821630556,1024,1024,95% parametric-bootstrap confidence interval,"Paired marginal parametric bootstrap. Annual latent transmission paths are regenerated from the prespecified AR(1) process, surveillance counts are regenerated from the fitted NB2 observation model, and the country state-space model is fully refitted before the same fitted replicate is propagated through current practice and intervention. Biological and intervention-definition inputs remain fixed at prespecified reference values.",percentile_parametric_bootstrap,4.107961775182565e-05,0.021888906523404347,0.004878904686248749,0.0578658925900443,-0.05786484184275074
Brazil,cocooning_adjunct,cocooning_adjunct,Close-contact adjunct,child_adolescent_cases,0.0037019376347793287,0.0026155186554546405,0.002934118144218456,0.1312855636103231,0.7438324246551609,1164.2200146906212,0.374290688165511,1858.5230547876072,1161.981856817906,0.3518997846797574,1853.106422307678,1024,1024,95% parametric-bootstrap confidence interval,"Paired marginal parametric bootstrap. Annual latent transmission paths are regenerated from the prespecified AR(1) process, surveillance counts are regenerated from the fitted NB2 observation model, and the country state-space model is fully refitted before the same fitted replicate is propagated through current practice and intervention. Biological and intervention-definition inputs remain fixed at prespecified reference values.",percentile_parametric_bootstrap,5.185949300124932e-05,0.03198214248580171,0.004878904686248749,0.1126983580913612,-0.10899642045658187
Brazil,maternal_immunization,maternal_immunization,Infant exposure,child_adolescent_cases,0.04418962682167532,0.019799356459251016,0.03268421011631223,0.14133834788651184,0.7518279481658928,1164.2200146906212,0.374290688165511,1858.5230547876072,1145.1383910102975,0.34581964159982803,1784.471755388902,1024,1024,95% parametric-bootstrap confidence interval,"Paired marginal parametric bootstrap. Annual latent transmission paths are regenerated from the prespecified AR(1) process, surveillance counts are regenerated from the fitted NB2 observation model, and the country state-space model is fully refitted before the same fitted replicate is propagated through current practice and intervention. Biological and intervention-definition inputs remain fixed at prespecified reference values.",percentile_parametric_bootstrap,0.0008796714400715368,0.03278224898615471,0.004878904686248749,0.1221227815359766,-0.07793315471430128
Brazil,pregnancy_tdap_scaleup,pregnancy_tdap_scaleup,Pregnancy Tdap,child_adolescent_cases,0.023889983530332948,0.009194766926683596,0.013432418152091341,0.03235030177215692,0.05285928595738135,1164.2200146906212,0.374290688165511,1858.5230547876072,1147.2412723258035,0.36782096804952163,1789.0596879677807,1024,1024,95% parametric-bootstrap confidence interval,"Paired marginal parametric bootstrap. Annual latent transmission paths are regenerated from the prespecified AR(1) process, surveillance counts are regenerated from the fitted NB2 observation model, and the country state-space model is fully refitted before the same fitted replicate is propagated through current practice and intervention. Biological and intervention-definition inputs remain fixed at prespecified reference values.",percentile_parametric_bootstrap,0.00022058023090225124,0.0004985692723671503,0.004878904686248749,0.0112885412214384,0.012601442308894548
Brazil,targeted_pep_high_risk,targeted_pep_high_risk,Targeted PEP,child_adolescent_cases,0.009087383376704894,-0.0048546587942689115,0.006837970314526709,0.058055914460487384,0.25973987030751955,1164.2200146906212,0.374290688165511,1858.5230547876072,1159.3868374531567,0.37250683149010627,1841.7771543757342,1024,1024,95% parametric-bootstrap confidence interval,"Paired marginal parametric bootstrap. Annual latent transmission paths are regenerated from the prespecified AR(1) process, surveillance counts are regenerated from the fitted NB2 observation model, and the country state-space model is fully refitted before the same fitted replicate is propagated through current practice and intervention. Biological and intervention-definition inputs remain fixed at prespecified reference values.",percentile_parametric_bootstrap,0.00512464557171929,0.006419395485005422,0.004878904686248749,-0.062728044162952,0.07181542753965689
Brazil,timeliness_only,timeliness_only,Routine timeliness,child_adolescent_cases,0.1727878322257163,0.12147527347529731,0.16113948615844811,0.23510881876073836,0.7649638657620825,1164.2200146906212,0.374290688165511,1858.5230547876072,978.2475720988414,0.30004388292972345,1556.150078883829,1024,1024,95% parametric-bootstrap confidence interval,"Paired marginal parametric bootstrap. Annual latent transmission paths are regenerated from the prespecified AR(1) process, surveillance counts are regenerated from the fitted NB2 observation model, and the country state-space model is fully refitted before the same fitted replicate is propagated through current practice and intervention. Biological and intervention-definition inputs remain fixed at prespecified reference values.",percentile_parametric_bootstrap,0.0014213567572459356,0.030453554300435063,0.004878904686248749,0.2258808872936613,-0.05309305506794498
China,adolescent_booster,adolescent_booster,Adolescent booster,child_adolescent_cases,-4.476284956056453e-05,-0.001677001971633324,-0.0001519202828167976,0.02851565142605547,0.6882125263499014,1024.8369353156513,1.9189687248776497,2119.20764624145,1021.6813827229665,1.3465739107423178,2119.2120015331466,1024,1024,95% parametric-bootstrap confidence interval,"Paired marginal parametric bootstrap. Annual latent transmission paths are regenerated from the prespecified AR(1) process, surveillance counts are regenerated from the fitted NB2 observation model, and the country state-space model is fully refitted before the same fitted replicate is propagated through current practice and intervention. Biological and intervention-definition inputs remain fixed at prespecified reference values.",percentile_parametric_bootstrap,0.00010793082244555008,0.0016190763031244146,0.004878904686248749,-0.0010011407079999,0.0009563778584393355
China,cocooning_adjunct,cocooning_adjunct,Close-contact adjunct,child_adolescent_cases,0.003851837852586415,0.0005740605507715186,0.0033078741512527488,0.07322539196022332,0.7352834286570494,1024.8369353156513,1.9189687248776497,2119.20764624145,1004.3383817020219,1.4204115604303233,2111.728181936873,1024,1024,95% parametric-bootstrap confidence interval,"Paired marginal parametric bootstrap. Annual latent transmission paths are regenerated from the prespecified AR(1) process, surveillance counts are regenerated from the fitted NB2 observation model, and the country state-space model is fully refitted before the same fitted replicate is propagated through current practice and intervention. Biological and intervention-definition inputs remain fixed at prespecified reference values.",percentile_parametric_bootstrap,0.00047674121154729583,0.001970377663599249,0.004878904686248749,0.0382563652854949,-0.034404527432908484
China,maternal_immunization,maternal_immunization,Infant exposure,child_adolescent_cases,0.05971634551775312,0.02743818861214999,0.044123540261819416,0.10860101858369658,0.7471823719687568,1024.8369353156513,1.9189687248776497,2119.20764624145,969.6160811338966,1.3799543338151838,1889.4978020741055,1024,1024,95% parametric-bootstrap confidence interval,"Paired marginal parametric bootstrap. Annual latent transmission paths are regenerated from the prespecified AR(1) process, surveillance counts are regenerated from the fitted NB2 observation model, and the country state-space model is fully refitted before the same fitted replicate is propagated through current practice and intervention. Biological and intervention-definition inputs remain fixed at prespecified reference values.",percentile_parametric_bootstrap,0.000591919290244501,0.0015908170801855093,0.004878904686248749,0.0565600202216302,0.0031563252961229193
China,pregnancy_tdap_scaleup,pregnancy_tdap_scaleup,Pregnancy Tdap,child_adolescent_cases,0.03749645560704179,0.01405920206238222,0.02420236418688368,0.05169700356525414,0.1076739392832312,1024.8369353156513,1.9189687248776497,2119.20764624145,990.7061768839881,1.8603635215922685,1894.783660799254,1024,1024,95% parametric-bootstrap confidence interval,"Paired marginal parametric bootstrap. Annual latent transmission paths are regenerated from the prespecified AR(1) process, surveillance counts are regenerated from the fitted NB2 observation model, and the country state-space model is fully refitted before the same fitted replicate is propagated through current practice and intervention. Biological and intervention-definition inputs remain fixed at prespecified reference values.",percentile_parametric_bootstrap,0.00029158267165410335,0.0023936198509168665,0.004878904686248749,0.0196498089645639,0.01784664664247789
China,targeted_pep_high_risk,targeted_pep_high_risk,Targeted PEP,child_adolescent_cases,0.009781867509608966,0.001782082828013532,0.006240829061617353,0.031135832233288946,0.2381854361459344,1024.8369353156513,1.9189687248776497,2119.20764624145,1007.1539113575184,1.8959159113202173,2106.7573843961854,1024,1024,95% parametric-bootstrap confidence interval,"Paired marginal parametric bootstrap. Annual latent transmission paths are regenerated from the prespecified AR(1) process, surveillance counts are regenerated from the fitted NB2 observation model, and the country state-space model is fully refitted before the same fitted replicate is propagated through current practice and intervention. Biological and intervention-definition inputs remain fixed at prespecified reference values.",percentile_parametric_bootstrap,0.0007339469656999257,0.0029846334611132643,0.004878904686248749,0.0227396738431914,-0.012957806333582435
China,timeliness_only,timeliness_only,Routine timeliness,child_adolescent_cases,0.1303473635692326,0.018612463649425544,0.06540252046263739,0.17274334265253008,0.21743371107218937,1024.8369353156513,1.9189687248776497,2119.20764624145,904.2528971130573,1.7511435828097233,1653.8556546887169,1024,1024,95% parametric-bootstrap confidence interval,"Paired marginal parametric bootstrap. Annual latent transmission paths are regenerated from the prespecified AR(1) process, surveillance counts are regenerated from the fitted NB2 observation model, and the country state-space model is fully refitted before the same fitted replicate is propagated through current practice and intervention. Biological and intervention-definition inputs remain fixed at prespecified reference values.",percentile_parametric_bootstrap,0.003482399950117531,0.0016248081283709067,0.004878904686248749,0.0256767625651805,0.1046706010040521
Japan,adolescent_booster,adolescent_booster,Adolescent booster,child_adolescent_cases,-2.9533686307647855e-05,-0.0009962933058726142,-7.83603928767862e-05,0.006866861935059171,0.5677049887634089,1189.674992843844,21.412604410083446,1751.5290181490732,1189.9422361518345,9.359526023242609,1751.600880352529,1024,1024,95% parametric-bootstrap confidence interval,"Paired marginal parametric bootstrap. Annual latent transmission paths are regenerated from the prespecified AR(1) process, surveillance counts are regenerated from the fitted NB2 observation model, and the country state-space model is fully refitted before the same fitted replicate is propagated through current practice and intervention. Biological and intervention-definition inputs remain fixed at prespecified reference values.",percentile_parametric_bootstrap,2.71813734472429e-05,0.000141679549898032,0.004878904686248749,-0.0019315327795672,0.0019019990932595521
Japan,cocooning_adjunct,cocooning_adjunct,Close-contact adjunct,child_adolescent_cases,0.0034683922447812376,-0.008095945902969052,0.002994247796326982,0.03914835324925739,0.8378138608923192,1189.674992843844,21.412604410083446,1751.5290181490732,1184.2644460286524,3.5283476407346823,1746.398553666536,1024,1024,95% parametric-bootstrap confidence interval,"Paired marginal parametric bootstrap. Annual latent transmission paths are regenerated from the prespecified AR(1) process, surveillance counts are regenerated from the fitted NB2 observation model, and the country state-space model is fully refitted before the same fitted replicate is propagated through current practice and intervention. Biological and intervention-definition inputs remain fixed at prespecified reference values.",percentile_parametric_bootstrap,0.0011341703457741549,2.2130340198468713e-05,0.004878904686248749,-0.0136254426091981,0.017093834853979337
Japan,maternal_immunization,maternal_immunization,Infant exposure,child_adolescent_cases,0.052586133790305634,0.015285515962118055,0.045725313643321164,0.0647185443000004,0.8430178615184126,1189.674992843844,21.412604410083446,1751.5290181490732,1146.6919716258703,3.415273647153603,1647.2996834240103,1024,1024,95% parametric-bootstrap confidence interval,"Paired marginal parametric bootstrap. Annual latent transmission paths are regenerated from the prespecified AR(1) process, surveillance counts are regenerated from the fitted NB2 observation model, and the country state-space model is fully refitted before the same fitted replicate is propagated through current practice and intervention. Biological and intervention-definition inputs remain fixed at prespecified reference values.",percentile_parametric_bootstrap,0.0007299994499672935,1.6655142855739972e-05,0.004878904686248749,0.009508735433644,0.043077398356661634
Japan,pregnancy_tdap_scaleup,pregnancy_tdap_scaleup,Pregnancy Tdap,child_adolescent_cases,0.03718201475213895,0.014325701653167915,0.02306992941919117,0.04960844151440502,0.06279774748408906,1189.674992843844,21.412604410083446,1751.5290181490732,1148.2087875738887,20.70106424569461,1650.9203890161607,1024,1024,95% parametric-bootstrap confidence interval,"Paired marginal parametric bootstrap. Annual latent transmission paths are regenerated from the prespecified AR(1) process, surveillance counts are regenerated from the fitted NB2 observation model, and the country state-space model is fully refitted before the same fitted replicate is propagated through current practice and intervention. Biological and intervention-definition inputs remain fixed at prespecified reference values.",percentile_parametric_bootstrap,0.0003786071492518283,0.0007265760109089528,0.004878904686248749,0.0295950361765533,0.007586978575585646
Japan,targeted_pep_high_risk,targeted_pep_high_risk,Targeted PEP,child_adolescent_cases,0.011149281887383011,-0.0011738449398814184,0.00867989955601195,0.028013040967849095,0.22046317523359962,1189.674992843844,21.412604410083446,1751.5290181490732,1173.1649768248606,16.68903998769854,1737.4173500169672,1024,1024,95% parametric-bootstrap confidence interval,"Paired marginal parametric bootstrap. Annual latent transmission paths are regenerated from the prespecified AR(1) process, surveillance counts are regenerated from the fitted NB2 observation model, and the country state-space model is fully refitted before the same fitted replicate is propagated through current practice and intervention. Biological and intervention-definition inputs remain fixed at prespecified reference values.",percentile_parametric_bootstrap,0.0010465269117651446,0.0001250534765500261,0.004878904686248749,0.0235179768282697,-0.012368694940886688
Japan,timeliness_only,timeliness_only,Routine timeliness,child_adolescent_cases,0.14500644074630947,0.023066297208255766,0.05947280399047647,0.17108304499727442,0.2944114352384014,1189.674992843844,21.412604410083446,1751.5290181490732,1058.9042023685847,15.090959820986011,1434.8446661813061,1024,1024,95% parametric-bootstrap confidence interval,"Paired marginal parametric bootstrap. Annual latent transmission paths are regenerated from the prespecified AR(1) process, surveillance counts are regenerated from the fitted NB2 observation model, and the country state-space model is fully refitted before the same fitted replicate is propagated through current practice and intervention. Biological and intervention-definition inputs remain fixed at prespecified reference values.",percentile_parametric_bootstrap,0.00016229587472012588,0.00010191304335057496,0.004878904686248749,0.0710549430305742,0.07395149771573527
New_Zealand,adolescent_booster,adolescent_booster,Adolescent booster,child_adolescent_cases,-6.058350122684075e-07,-0.0006705204433356815,-7.684037839739144e-06,6.45300283763639e-08,0.5369356742445397,1716.8448028093069,38.69187665822379,2355.334712763928,1716.846018718566,17.916934466124907,2355.334520222831,1024,1024,95% parametric-bootstrap confidence interval,"Paired marginal parametric bootstrap. Annual latent transmission paths are regenerated from the prespecified AR(1) process, surveillance counts are regenerated from the fitted NB2 observation model, and the country state-space model is fully refitted before the same fitted replicate is propagated through current practice and intervention. Biological and intervention-definition inputs remain fixed at prespecified reference values.",percentile_parametric_bootstrap,3.150887161310646e-05,0.01978093526290939,0.004878904686248749,-4.042471510157242e-05,3.981888008930401e-05
New_Zealand,cocooning_adjunct,cocooning_adjunct,Close-contact adjunct,child_adolescent_cases,0.003368021578469993,-0.00044608454194712256,0.0031755427536860614,0.003846397231974996,0.679968096563381,1716.8448028093069,38.69187665822379,2355.334712763928,1711.4537509489114,12.382749898727495,2348.2395649897826,1024,1024,95% parametric-bootstrap confidence interval,"Paired marginal parametric bootstrap. Annual latent transmission paths are regenerated from the prespecified AR(1) process, surveillance counts are regenerated from the fitted NB2 observation model, and the country state-space model is fully refitted before the same fitted replicate is propagated through current practice and intervention. Biological and intervention-definition inputs remain fixed at prespecified reference values.",percentile_parametric_bootstrap,0.0015740369442510623,0.012902745526798608,0.004878904686248749,0.0033941394441179,-2.611786564790707e-05
New_Zealand,maternal_immunization,maternal_immunization,Infant exposure,child_adolescent_cases,0.042462772060381127,0.011426334396248843,0.03415624802640013,0.050784729773211135,0.7003594642887018,1716.8448028093069,38.69187665822379,2355.334712763928,1643.1238342022248,11.593758781626049,2178.5181830144425,1024,1024,95% parametric-bootstrap confidence interval,"Paired marginal parametric bootstrap. Annual latent transmission paths are regenerated from the prespecified AR(1) process, surveillance counts are regenerated from the fitted NB2 observation model, and the country state-space model is fully refitted before the same fitted replicate is propagated through current practice and intervention. Biological and intervention-definition inputs remain fixed at prespecified reference values.",percentile_parametric_bootstrap,0.0029161397784984422,0.011617582417259882,0.004878904686248749,0.0230052286522073,0.019457543408173825
New_Zealand,pregnancy_tdap_scaleup,pregnancy_tdap_scaleup,Pregnancy Tdap,child_adolescent_cases,0.03650722567492504,0.011124765970383707,0.021524973588544383,0.0446822444839311,0.07916354042698562,1716.8448028093069,38.69187665822379,2355.334712763928,1647.9924672468703,36.72015505157738,2184.377840299772,1024,1024,95% parametric-bootstrap confidence interval,"Paired marginal parametric bootstrap. Annual latent transmission paths are regenerated from the prespecified AR(1) process, surveillance counts are regenerated from the fitted NB2 observation model, and the country state-space model is fully refitted before the same fitted replicate is propagated through current practice and intervention. Biological and intervention-definition inputs remain fixed at prespecified reference values.",percentile_parametric_bootstrap,9.10883593330436e-05,0.002252339969582384,0.004878904686248749,0.0199988639054511,0.016508361769473935
New_Zealand,targeted_pep_high_risk,targeted_pep_high_risk,Targeted PEP,child_adolescent_cases,0.007586679229874438,-0.00254660781914282,0.0068390894619663745,0.011658649889347422,0.2975054753393834,1716.8448028093069,38.69187665822379,2355.334712763928,1704.3397760046366,27.090830181846744,2339.107992895199,1024,1024,95% parametric-bootstrap confidence interval,"Paired marginal parametric bootstrap. Annual latent transmission paths are regenerated from the prespecified AR(1) process, surveillance counts are regenerated from the fitted NB2 observation model, and the country state-space model is fully refitted before the same fitted replicate is propagated through current practice and intervention. Biological and intervention-definition inputs remain fixed at prespecified reference values.",percentile_parametric_bootstrap,0.0008339676964687964,0.000983935468074046,0.004878904686248749,0.0055643202548602,0.002022358975014238
New_Zealand,timeliness_only,timeliness_only,Routine timeliness,child_adolescent_cases,0.2061056129481687,0.130418155340958,0.1940461552894276,0.2167659859077193,0.910189933049053,1716.8448028093069,38.69187665822379,2355.334712763928,1361.5863008504336,3.3678473957377486,1822.0127162639403,1024,1024,95% parametric-bootstrap confidence interval,"Paired marginal parametric bootstrap. Annual latent transmission paths are regenerated from the prespecified AR(1) process, surveillance counts are regenerated from the fitted NB2 observation model, and the country state-space model is fully refitted before the same fitted replicate is propagated through current practice and intervention. Biological and intervention-definition inputs remain fixed at prespecified reference values.",percentile_parametric_bootstrap,0.0033622991926182,0.0016755676999392081,0.004878904686248749,0.2017464988662412,0.004359114081927518
Sweden,adolescent_booster,adolescent_booster,Adolescent booster,child_adolescent_cases,-2.2890547968223984e-07,-0.00012479944746419667,-9.987425412250062e-07,-2.8057724921204397e-08,0.06314836642409953,1501.3068506890154,0.9566406827101984,2047.9156178605476,1501.3084610267342,0.9462369503271411,2047.9157897462578,1023,1023,95% parametric-bootstrap confidence interval,"Paired marginal parametric bootstrap. Annual latent transmission paths are regenerated from the prespecified AR(1) process, surveillance counts are regenerated from the fitted NB2 observation model, and the country state-space model is fully refitted before the same fitted replicate is propagated through current practice and intervention. Biological and intervention-definition inputs remain fixed at prespecified reference values.",percentile_parametric_bootstrap,7.937678073734567e-05,0.00446386424988853,0.004881288710181028,0.0034711325042785,-0.0034713614097581823
Sweden,cocooning_adjunct,cocooning_adjunct,Close-contact adjunct,child_adolescent_cases,0.0034073186332187477,0.0016823541901909767,0.003199531287877866,0.03188340794124317,0.6289427945584385,1501.3068506890154,0.9566406827101984,2047.9156178605476,1496.7256115505584,0.8507244685690577,2041.314925245672,1023,1023,95% parametric-bootstrap confidence interval,"Paired marginal parametric bootstrap. Annual latent transmission paths are regenerated from the prespecified AR(1) process, surveillance counts are regenerated from the fitted NB2 observation model, and the country state-space model is fully refitted before the same fitted replicate is propagated through current practice and intervention. Biological and intervention-definition inputs remain fixed at prespecified reference values.",percentile_parametric_bootstrap,0.0007385244785496651,0.023187607049448687,0.004881288710181028,0.0934422412828847,-0.09003492264966595
Sweden,maternal_immunization,maternal_immunization,Infant exposure,child_adolescent_cases,0.0447735326068488,0.015881224245187037,0.03505213200593621,0.05833181446504848,0.6440104462351868,1501.3068506890154,0.9566406827101984,2047.9156178605476,1441.8740608751743,0.8325045433895242,1937.268467844137,1023,1023,95% parametric-bootstrap confidence interval,"Paired marginal parametric bootstrap. Annual latent transmission paths are regenerated from the prespecified AR(1) process, surveillance counts are regenerated from the fitted NB2 observation model, and the country state-space model is fully refitted before the same fitted replicate is propagated through current practice and intervention. Biological and intervention-definition inputs remain fixed at prespecified reference values.",percentile_parametric_bootstrap,0.0008121323549314976,0.021579959844343025,0.004881288710181028,0.1029824839513221,-0.058208951344473306
Sweden,pregnancy_tdap_scaleup,pregnancy_tdap_scaleup,Pregnancy Tdap,child_adolescent_cases,0.03524818463761292,0.011105225854761985,0.018503457143357327,0.04426517339839631,0.0579445379283498,1501.3068506890154,0.9566406827101984,2047.9156178605476,1446.303334031114,0.9382363397563047,1942.5353381026869,1023,1023,95% parametric-bootstrap confidence interval,"Paired marginal parametric bootstrap. Annual latent transmission paths are regenerated from the prespecified AR(1) process, surveillance counts are regenerated from the fitted NB2 observation model, and the country state-space model is fully refitted before the same fitted replicate is propagated through current practice and intervention. Biological and intervention-definition inputs remain fixed at prespecified reference values.",percentile_parametric_bootstrap,0.0004295398207652305,0.0005001126344105143,0.004881288710181028,0.0158672680568258,0.01938091658078712
Sweden,targeted_pep_high_risk,targeted_pep_high_risk,Targeted PEP,child_adolescent_cases,0.00884108255720939,0.0013246162331085444,0.007154031997709809,0.030484627235018047,0.24752542517978313,1501.3068506890154,0.9566406827101984,2047.9156178605476,1490.6640366007523,0.9215900624430022,2029.9302595965235,1023,1023,95% parametric-bootstrap confidence interval,"Paired marginal parametric bootstrap. Annual latent transmission paths are regenerated from the prespecified AR(1) process, surveillance counts are regenerated from the fitted NB2 observation model, and the country state-space model is fully refitted before the same fitted replicate is propagated through current practice and intervention. Biological and intervention-definition inputs remain fixed at prespecified reference values.",percentile_parametric_bootstrap,0.0018350898388091192,0.005802621388967465,0.004881288710181028,0.0444440518751159,-0.03560296931790651
Sweden,timeliness_only,timeliness_only,Routine timeliness,child_adolescent_cases,0.08172631600351243,0.056523836862908884,0.0758706071800394,0.13469760769396372,0.8309231977004211,1501.3068506890154,0.9566406827101984,2047.9156178605476,1378.1288589259227,0.6945240364137688,1885.6570155235659,1023,1023,95% parametric-bootstrap confidence interval,"Paired marginal parametric bootstrap. Annual latent transmission paths are regenerated from the prespecified AR(1) process, surveillance counts are regenerated from the fitted NB2 observation model, and the country state-space model is fully refitted before the same fitted replicate is propagated through current practice and intervention. Biological and intervention-definition inputs remain fixed at prespecified reference values.",percentile_parametric_bootstrap,0.0021483084372300653,0.018962659660836562,0.004881288710181028,0.1539197330952879,-0.07219341709177546
Thailand,adolescent_booster,adolescent_booster,Adolescent booster,child_adolescent_cases,8.053793448259405e-07,-0.00022033922975027702,1.2039312471956443e-07,0.09815746138698203,0.3637371709439756,1652.7036416362175,0.5551986582452366,2099.2443408393838,1652.702344526458,0.49381549218995247,2099.2490575080155,1022,1022,95% parametric-bootstrap confidence interval,"Paired marginal parametric bootstrap. Annual latent transmission paths are regenerated from the prespecified AR(1) process, surveillance counts are regenerated from the fitted NB2 observation model, and the country state-space model is fully refitted before the same fitted replicate is propagated through current practice and intervention. Biological and intervention-definition inputs remain fixed at prespecified reference values.",percentile_parametric_bootstrap,0.00011273305767353921,0.006446891658142839,0.004883676232314583,0.1614955924059665,-0.16149478702662168
Thailand,cocooning_adjunct,cocooning_adjunct,Close-contact adjunct,child_adolescent_cases,0.003694673355375877,0.003054280749447633,0.0033402398208964013,0.10474263769731773,0.4617414154215361,1652.7036416362175,0.5551986582452366,2099.2443408393838,1647.3352645491186,0.514800273939762,2092.6160757323332,1022,1022,95% parametric-bootstrap confidence interval,"Paired marginal parametric bootstrap. Annual latent transmission paths are regenerated from the prespecified AR(1) process, surveillance counts are regenerated from the fitted NB2 observation model, and the country state-space model is fully refitted before the same fitted replicate is propagated through current practice and intervention. Biological and intervention-definition inputs remain fixed at prespecified reference values.",percentile_parametric_bootstrap,1.157120657046236e-05,0.019210768794891437,0.004883676232314583,0.1671276482481077,-0.1634329748927318
Thailand,maternal_immunization,maternal_immunization,Infant exposure,child_adolescent_cases,0.0746174922232074,0.03746318307520593,0.05865694899604601,0.11955157238887382,0.4752161360678253,1652.7036416362175,0.5551986582452366,2099.2443408393838,1554.820353708113,0.5011254387674805,1946.3603372579712,1022,1022,95% parametric-bootstrap confidence interval,"Paired marginal parametric bootstrap. Annual latent transmission paths are regenerated from the prespecified AR(1) process, surveillance counts are regenerated from the fitted NB2 observation model, and the country state-space model is fully refitted before the same fitted replicate is propagated through current practice and intervention. Biological and intervention-definition inputs remain fixed at prespecified reference values.",percentile_parametric_bootstrap,0.001237130632062012,0.021057104124564265,0.004883676232314583,0.1784303991372883,-0.1038129069140809
Thailand,pregnancy_tdap_scaleup,pregnancy_tdap_scaleup,Pregnancy Tdap,child_adolescent_cases,0.051957614938195895,0.013641492781072583,0.02509022657983681,0.06705981238257885,0.09049674063115384,1652.7036416362175,0.5551986582452366,2099.2443408393838,1558.8888495928613,0.5402788005923057,1950.9534832871445,1022,1022,95% parametric-bootstrap confidence interval,"Paired marginal parametric bootstrap. Annual latent transmission paths are regenerated from the prespecified AR(1) process, surveillance counts are regenerated from the fitted NB2 observation model, and the country state-space model is fully refitted before the same fitted replicate is propagated through current practice and intervention. Biological and intervention-definition inputs remain fixed at prespecified reference values.",percentile_parametric_bootstrap,0.00028234918013971233,0.0011955101279601376,0.004883676232314583,0.0113389419848346,0.040618672953361294
Thailand,targeted_pep_high_risk,targeted_pep_high_risk,Targeted PEP,child_adolescent_cases,0.007608046227170151,-0.0030573488768462997,0.006097395763922014,0.025708105616089633,0.20108049734298325,1652.7036416362175,0.5551986582452366,2099.2443408393838,1643.3747103107514,0.5513802599639271,2085.531216604905,1022,1022,95% parametric-bootstrap confidence interval,"Paired marginal parametric bootstrap. Annual latent transmission paths are regenerated from the prespecified AR(1) process, surveillance counts are regenerated from the fitted NB2 observation model, and the country state-space model is fully refitted before the same fitted replicate is propagated through current practice and intervention. Biological and intervention-definition inputs remain fixed at prespecified reference values.",percentile_parametric_bootstrap,0.0017778667197472663,0.003965644097093661,0.004883676232314583,0.0132680892914348,-0.005660043064264649
Thailand,timeliness_only,timeliness_only,Routine timeliness,child_adolescent_cases,0.16848634936123674,0.1174998455183525,0.15994575675863143,0.19897749413228932,0.4706053672021288,1652.7036416362175,0.5551986582452366,2099.2443408393838,1368.5634270043038,0.44518776445976455,1758.1269049674067,1022,1022,95% parametric-bootstrap confidence interval,"Paired marginal parametric bootstrap. Annual latent transmission paths are regenerated from the prespecified AR(1) process, surveillance counts are regenerated from the fitted NB2 observation model, and the country state-space model is fully refitted before the same fitted replicate is propagated through current practice and intervention. Biological and intervention-definition inputs remain fixed at prespecified reference values.",percentile_parametric_bootstrap,0.0019790598541049266,0.01638559199333128,0.004883676232314583,0.2648659446860943,-0.09637959532485757
United_Kingdom,adolescent_booster,adolescent_booster,Adolescent booster,child_adolescent_cases,-4.658100244159247e-05,-0.002264842666184913,-0.0002021679106594676,0.17726347094619166,0.9250066715570995,931.1500700611664,0.30448170042996275,1686.5031834412475,924.3981834772654,0.27142028129443724,1686.6782093794493,1022,1022,95% parametric-bootstrap confidence interval,"Paired marginal parametric bootstrap. Annual latent transmission paths are regenerated from the prespecified AR(1) process, surveillance counts are regenerated from the fitted NB2 observation model, and the country state-space model is fully refitted before the same fitted replicate is propagated through current practice and intervention. Biological and intervention-definition inputs remain fixed at prespecified reference values.",percentile_parametric_bootstrap,0.0002106025162548796,0.0005822021122650222,0.004883676232314583,-0.0050978085529584,0.005051227550516808
United_Kingdom,cocooning_adjunct,cocooning_adjunct,Close-contact adjunct,child_adolescent_cases,0.027062402652414275,-0.00013463982311497327,0.004127691349317536,0.09409598967853583,0.870872411826529,931.1500700611664,0.30448170042996275,1686.5031834412475,902.2321639066572,0.29590252057266453,1681.2909042802578,1022,1022,95% parametric-bootstrap confidence interval,"Paired marginal parametric bootstrap. Annual latent transmission paths are regenerated from the prespecified AR(1) process, surveillance counts are regenerated from the fitted NB2 observation model, and the country state-space model is fully refitted before the same fitted replicate is propagated through current practice and intervention. Biological and intervention-definition inputs remain fixed at prespecified reference values.",percentile_parametric_bootstrap,0.0011940046224305544,0.0012127112465669108,0.004883676232314583,0.110535003117018,-0.08347260046460372
United_Kingdom,maternal_immunization,maternal_immunization,Infant exposure,child_adolescent_cases,0.04569785691980177,0.017085910887123565,0.03218061855544119,0.10627664844775933,0.8770278951619704,931.1500700611664,0.30448170042996275,1686.5031834412475,887.0711595080608,0.28982189902960226,1629.4702013962235,1022,1022,95% parametric-bootstrap confidence interval,"Paired marginal parametric bootstrap. Annual latent transmission paths are regenerated from the prespecified AR(1) process, surveillance counts are regenerated from the fitted NB2 observation model, and the country state-space model is fully refitted before the same fitted replicate is propagated through current practice and intervention. Biological and intervention-definition inputs remain fixed at prespecified reference values.",percentile_parametric_bootstrap,0.0014293542906350142,0.0005797821765470582,0.004883676232314583,0.1226829226656971,-0.07698506574589532
United_Kingdom,pregnancy_tdap_scaleup,pregnancy_tdap_scaleup,Pregnancy Tdap,child_adolescent_cases,0.02131232276284295,0.009372023520624842,0.016578469849485994,0.02956338584541865,0.06340154021628172,931.1500700611664,0.30448170042996275,1686.5031834412475,913.2337184712629,0.2982249052789702,1635.1643686569844,1022,1022,95% parametric-bootstrap confidence interval,"Paired marginal parametric bootstrap. Annual latent transmission paths are regenerated from the prespecified AR(1) process, surveillance counts are regenerated from the fitted NB2 observation model, and the country state-space model is fully refitted before the same fitted replicate is propagated through current practice and intervention. Biological and intervention-definition inputs remain fixed at prespecified reference values.",percentile_parametric_bootstrap,0.0002857388448524132,0.0018261783903420232,0.004883676232314583,0.0333175734121964,-0.012005250649353448
United_Kingdom,targeted_pep_high_risk,targeted_pep_high_risk,Targeted PEP,child_adolescent_cases,0.014842812868378297,-0.0022565665950975474,0.007877865569483583,0.05093516976498538,0.3014606131079613,931.1500700611664,0.30448170042996275,1686.5031834412475,904.4979087232352,0.3038137483197034,1665.9698560945078,1022,1022,95% parametric-bootstrap confidence interval,"Paired marginal parametric bootstrap. Annual latent transmission paths are regenerated from the prespecified AR(1) process, surveillance counts are regenerated from the fitted NB2 observation model, and the country state-space model is fully refitted before the same fitted replicate is propagated through current practice and intervention. Biological and intervention-definition inputs remain fixed at prespecified reference values.",percentile_parametric_bootstrap,0.0007909698773217052,0.00044625745247616047,0.004883676232314583,0.0583946151563082,-0.0435518022879299
United_Kingdom,timeliness_only,timeliness_only,Routine timeliness,child_adolescent_cases,0.1884432531351053,0.11229909154388348,0.15486661759699033,0.22309845911384907,0.7877930084507831,931.1500700611664,0.30448170042996275,1686.5031834412475,747.5910912210688,0.267643397562081,1333.056957294991,1022,1022,95% parametric-bootstrap confidence interval,"Paired marginal parametric bootstrap. Annual latent transmission paths are regenerated from the prespecified AR(1) process, surveillance counts are regenerated from the fitted NB2 observation model, and the country state-space model is fully refitted before the same fitted replicate is propagated through current practice and intervention. Biological and intervention-definition inputs remain fixed at prespecified reference values.",percentile_parametric_bootstrap,0.0013982336559078014,0.00737088852407809,0.004883676232314583,0.2697063835280855,-0.08126313039298022
United_States,adolescent_booster,adolescent_booster,Adolescent booster,child_adolescent_cases,9.037855741578227e-09,-0.00012893908331820803,-1.1726033781189749e-06,1.1309933464764832e-07,0.15289008629323028,1674.445744601865,30.84674897640816,2031.2398037053003,1674.4459716025958,26.11882507054122,2031.239560337458,1024,1024,95% parametric-bootstrap confidence interval,"Paired marginal parametric bootstrap. Annual latent transmission paths are regenerated from the prespecified AR(1) process, surveillance counts are regenerated from the fitted NB2 observation model, and the country state-space model is fully refitted before the same fitted replicate is propagated through current practice and intervention. Biological and intervention-definition inputs remain fixed at prespecified reference values.",percentile_parametric_bootstrap,2.574046583972958e-05,0.0015761108574474869,0.004878904686248749,-0.0002129257902712,0.00021293482812694158
United_States,cocooning_adjunct,cocooning_adjunct,Close-contact adjunct,child_adolescent_cases,0.0037994646645412855,0.003005622395830607,0.003636879406829191,0.004260321957745977,0.723041410607916,1674.445744601865,30.84674897640816,2031.2398037053003,1668.3489878317996,8.517879092505114,2023.622591442491,1024,1024,95% parametric-bootstrap confidence interval,"Paired marginal parametric bootstrap. Annual latent transmission paths are regenerated from the prespecified AR(1) process, surveillance counts are regenerated from the fitted NB2 observation model, and the country state-space model is fully refitted before the same fitted replicate is propagated through current practice and intervention. Biological and intervention-definition inputs remain fixed at prespecified reference values.",percentile_parametric_bootstrap,9.693415512236687e-05,0.0006628778423538219,0.004878904686248749,0.032691760717525,-0.028892296052983713
United_States,maternal_immunization,maternal_immunization,Infant exposure,child_adolescent_cases,0.03893935794351039,0.017105538806761526,0.03166215116914542,0.04823942386512256,0.7390353213978282,1674.445744601865,30.84674897640816,2031.2398037053003,1609.5262897088523,8.028473227072423,1925.938584050708,1024,1024,95% parametric-bootstrap confidence interval,"Paired marginal parametric bootstrap. Annual latent transmission paths are regenerated from the prespecified AR(1) process, surveillance counts are regenerated from the fitted NB2 observation model, and the country state-space model is fully refitted before the same fitted replicate is propagated through current practice and intervention. Biological and intervention-definition inputs remain fixed at prespecified reference values.",percentile_parametric_bootstrap,0.0005968829925262513,0.00037455775806034076,0.004878904686248749,0.0442693707339287,-0.005330012790418309
United_States,pregnancy_tdap_scaleup,pregnancy_tdap_scaleup,Pregnancy Tdap,child_adolescent_cases,0.035270396264424075,0.01144330343818441,0.024709324901247415,0.04324696138461698,0.05791625672764197,1674.445744601865,30.84674897640816,2031.2398037053003,1614.5035892709066,29.111217864596618,1932.3443386792408,1024,1024,95% parametric-bootstrap confidence interval,"Paired marginal parametric bootstrap. Annual latent transmission paths are regenerated from the prespecified AR(1) process, surveillance counts are regenerated from the fitted NB2 observation model, and the country state-space model is fully refitted before the same fitted replicate is propagated through current practice and intervention. Biological and intervention-definition inputs remain fixed at prespecified reference values.",percentile_parametric_bootstrap,0.00014947873867641307,0.00021875308033810143,0.004878904686248749,0.0129743430085236,0.022296053255900478
United_States,targeted_pep_high_risk,targeted_pep_high_risk,Targeted PEP,child_adolescent_cases,0.008139508812754381,0.0016584687959038424,0.006576276255821051,0.013973907332789748,0.2888741890252796,1674.445744601865,30.84674897640816,2031.2398037053003,1663.2454848040773,22.033845058554718,2017.235666313093,1024,1024,95% parametric-bootstrap confidence interval,"Paired marginal parametric bootstrap. Annual latent transmission paths are regenerated from the prespecified AR(1) process, surveillance counts are regenerated from the fitted NB2 observation model, and the country state-space model is fully refitted before the same fitted replicate is propagated through current practice and intervention. Biological and intervention-definition inputs remain fixed at prespecified reference values.",percentile_parametric_bootstrap,0.0005534160714135723,0.0009222238777261812,0.004878904686248749,0.0212010263617284,-0.013061517548974017
United_States,timeliness_only,timeliness_only,Routine timeliness,child_adolescent_cases,0.15784405559091202,0.10938989125622187,0.14895151378120466,0.16730794504733532,0.8957697084712084,1674.445744601865,30.84674897640816,2031.2398037053003,1415.7751727626878,3.408762885304872,1695.7432531967522,1024,1024,95% parametric-bootstrap confidence interval,"Paired marginal parametric bootstrap. Annual latent transmission paths are regenerated from the prespecified AR(1) process, surveillance counts are regenerated from the fitted NB2 observation model, and the country state-space model is fully refitted before the same fitted replicate is propagated through current practice and intervention. Biological and intervention-definition inputs remain fixed at prespecified reference values.",percentile_parametric_bootstrap,0.004917313632751954,0.002844074071791907,0.004878904686248749,0.146639983335849,0.011204072255063036
